{"cameraMode":{"drawMode":0,"name":"Shaded","section":"Shading Mode"},"sceneLighting":false,"audioPlay":false,"sceneViewState":{"m_AlwaysRefresh":false,"showFog":true,"showSkybox":false,"showFlares":true,"showImageEffects":true,"showParticleSystems":true,"showVisualEffectGraphs":true,"m_FxEnabled":true},"in2DMode":false,"pivot":{"x":-0.000001430511474609375,"y":0.6541280746459961,"z":100.0174789428711},"rotation":{"x":0.2978793680667877,"y":0.17467263340950013,"z":-0.05556284636259079,"w":0.937006950378418},"size":10.19993782043457,"orthographic":false}